"Name of Covered Entity","State","Covered Entity Type","Individuals Affected","Breach Submission Date","Type of Breach","Location of Breached Information","Business Associate Present","Web Description"
"Rainbow Dental Care PLLC","TX","Healthcare Provider","10000","02/04/2019","Hacking/IT Incident","Desktop Computer","No",""
"Anesthesia Associates of Kansas City","KS","Healthcare Provider","3472","02/01/2019","Theft","Paper/Films","No",""
"CVS Pharmacy","RI","Healthcare Provider","5645","01/30/2019","Theft","Paper/Films","Yes",""
"Roper St. Francis Healthcare","SC","Healthcare Provider","35253","01/29/2019","Hacking/IT Incident","Email","No",""
"Verity Health System of California, Inc.  ","CA","Business Associate","2988","01/26/2019","Hacking/IT Incident","Email","Yes",""
"Dr. DeLuca Dr. Marciano & Associates, P.C. ","CT","Healthcare Provider","23578","01/25/2019","Hacking/IT Incident","Desktop Computer, Electronic Medical Record, Network Server","No",""
"Valley Professionals Community Health Center","IN","Healthcare Provider","12029","01/25/2019","Hacking/IT Incident","Email","No",""
"Sunflower State Health Plan","KS","Health Plan","1625","01/25/2019","Unauthorized Access/Disclosure","Other","No",""
"Unum Group, on behalf of its subsidiaries - Unum Life Insurance and Colonial Life & Accident Insurance","TN","Health Plan","532","01/24/2019","Hacking/IT Incident","Email","No",""
"EyeSouth Partners","GA","Business Associate","24113","01/23/2019","Hacking/IT Incident","Email","Yes",""
"Stonehaven Dental","TX","Healthcare Provider","6289","01/22/2019","Theft","Network Server","No",""
"Critical Care, Pulmonary and Sleep Associates, PLLP","CO","Healthcare Provider","23377","01/21/2019","Hacking/IT Incident","Email","No",""
"Valley Hope Association","KS","Healthcare Provider","70799","01/18/2019","Hacking/IT Incident","Email","No",""
"Tri-Cities Chaplaincy","WA","Healthcare Provider","1086","01/18/2019","Hacking/IT Incident","Email","No",""
"FABEN Obstetrics and Gynecology, LLC","FL","Healthcare Provider","6092","01/18/2019","Hacking/IT Incident","Network Server","No",""
"Integrity, Inc. d/b/a Integrity House","NJ","Healthcare Provider","7206","01/18/2019","Theft","Desktop Computer, Laptop","No",""
"Las Colinas Orthopedic Surgery & Sports Medicine, PA","TX","Healthcare Provider","76000","01/18/2019","Theft","Other Portable Electronic Device","Yes",""
"ABB Inc. Active Employee Group Benefit Plan","NC","Health Plan","6877","01/18/2019","Unauthorized Access/Disclosure","Paper/Films","Yes",""
"Lebanon VA Medical Center","PA","Healthcare Provider","1002","01/16/2019","Unauthorized Access/Disclosure","Email","No",""
"Humana Inc.","KY","Health Plan","598","01/15/2019","Hacking/IT Incident","Other","No",""
"Premier Specialties, Incorporated","TX","Healthcare Provider","1300","01/14/2019","Unauthorized Access/Disclosure","Paper/Films","No",""
"Sacred Heart Rehabilitation Center","MI","Healthcare Provider","2266","01/10/2019","Unauthorized Access/Disclosure","Email","No",""
"Humana Inc","KY","Health Plan","1211","01/09/2019","Unauthorized Access/Disclosure","Other","Yes",""
"Family Physicians of Winter Park, Inc. ","KY","Healthcare Provider","8429","01/08/2019","Hacking/IT Incident","Email","No",""
"Dermacare Brickell","FL","Healthcare Provider","1800","01/07/2019","Improper Disposal","Paper/Films","No",""
"NORTH ATLANTA MEDICAL CLINIC ","GA","Healthcare Provider","2800","01/06/2019","Hacking/IT Incident","Desktop Computer","No",""
"Managed Health Services","IN","Health Plan","31300","01/03/2019","Hacking/IT Incident","Email","Yes",""
"Managed Health Services","IN","Health Plan","576","01/03/2019","Unauthorized Access/Disclosure","Paper/Films","No",""
"Centerstone Insurance and Financial Services (d/b/a BenefitMall)","TX","Business Associate","111589","01/03/2019","Hacking/IT Incident","Email","Yes",""
"Humana Inc ","KY","Health Plan","684","12/31/2018","Theft","Paper/Films","No",""
"Choice Rehabilitation","MO","Business Associate","4309","12/29/2018","Hacking/IT Incident","Email, Laptop","Yes",""
"WEA Insurance Corporation","WI","Health Plan","850","12/27/2018","Hacking/IT Incident","Email","No",""
"SEIU Local 32BJ, District 36 Building Operators Welfare Trust Fund","PA","Health Plan","911","12/21/2018","Unauthorized Access/Disclosure","Email","Yes",""
"Kent County Community Mental Health Authority","MI","Healthcare Provider","2284","12/21/2018","Hacking/IT Incident","Email","No",""
"DePaul University","IL","Health Plan","656","12/21/2018","Unauthorized Access/Disclosure","Email","No",""
"JAND Inc. d/b/a Warby Parker ","NY","Healthcare Provider","177890","12/20/2018","Hacking/IT Incident","Network Server","No",""
"The Podiatric Offices of Bobby Yee","CA","Healthcare Provider","24000","12/20/2018","Hacking/IT Incident","Desktop Computer, Laptop, Other Portable Electronic Device","No",""
"Dermatologists of Southwest Ohio","OH","Healthcare Provider","733","12/20/2018","Improper Disposal","Paper/Films","No",""
"Virtual Radiologic Professionals, LLC","MN","Healthcare Provider","2568","12/19/2018","Hacking/IT Incident","Other","Yes",""
"VIRTUAL RADIOLOGIC PROFESSIONALS, LLC","MN","Healthcare Provider","846","12/19/2018","Hacking/IT Incident","Other","Yes",""
"Tift Regional Medical Center","GA","Healthcare Provider","1045","12/18/2018","Hacking/IT Incident","Email","No",""
"Barnes-Jewish Hospital","MO","Healthcare Provider","1643","12/18/2018","Hacking/IT Incident","Network Server","No",""
"University of Vermont Health Network - Elizabethtown Community Hospital","NY","Healthcare Provider","32470","12/17/2018","Hacking/IT Incident","Email","No",""
"Fort Defiance Indian Hospital","AZ","Healthcare Provider","1000","12/17/2018","Hacking/IT Incident","Desktop Computer","No",""
"Ben-Ora, Hansen & Vanesian Imaging, Ltd d/b/a Solis Mammography","AZ","Healthcare Provider","500","12/16/2018","Theft","Desktop Computer","No",""
"Massachusetts General Hospital","MA","Healthcare Provider","588","12/14/2018","Unauthorized Access/Disclosure","Paper/Films","No",""
"Contra Costa Health Plan","CA","Health Plan","862","12/13/2018","Unauthorized Access/Disclosure","Electronic Medical Record, Email","No",""
"Smile Designs by Sandwick ","MN","Healthcare Provider","900","12/13/2018","Hacking/IT Incident","Other","No",""
"Alpha-Omega Endocrinology, Diabetes and Metabolism Center, PC","AZ","Healthcare Provider","1000","12/12/2018","Unauthorized Access/Disclosure","Desktop Computer, Electronic Medical Record, Email, Network Server, Other, Other Portable Electronic Device, Paper/Films","No",""
"Adams County","WI","Healthcare Provider","258120","12/11/2018","Unauthorized Access/Disclosure","Network Server, Other","No",""
"County of Ramsey","MN","Healthcare Provider","599","12/11/2018","Hacking/IT Incident","Email","No",""
"Butler County Board of County Commissioners","OH","Health Plan","1912","12/04/2018","Unauthorized Access/Disclosure","Email","No",""
"CHI Health Care, Inc.","MD","Healthcare Provider","722","11/30/2018","Unauthorized Access/Disclosure","Other Portable Electronic Device, Paper/Films","No",""
"Mind and Motion, LLC","GA","Healthcare Provider","16000","11/30/2018","Hacking/IT Incident","Network Server","No",""
"CCRM Dallas-Fort Worth","TX","Healthcare Provider","1117","11/30/2018","Hacking/IT Incident","Email","No",""
"Thielen Student Health Center","IA","Healthcare Provider","599","11/30/2018","Unauthorized Access/Disclosure","Email","No",""
"Prairie Fields Family Medicine, PC","NE","Healthcare Provider","6450","11/30/2018","Unauthorized Access/Disclosure","Email","No",""
"OrthoTexas Physicians and Surgeons, PLLC","TX","Healthcare Provider","2172","11/28/2018","Unauthorized Access/Disclosure","Paper/Films","Yes",""
"Steward Medical Group","MA","Healthcare Provider","16276","11/28/2018","Hacking/IT Incident","Network Server","Yes",""
" AccuDoc Solutions, Inc.","NC","Business Associate","2652537","11/27/2018","Hacking/IT Incident","Network Server","Yes",""
"Cancer Treatment Centers of America (CTCA) at Western Regional Medical Center","AZ","Healthcare Provider","41948","11/26/2018","Hacking/IT Incident","Email","No",""
"Baylor Scott & White Medical Center - Frisco","TX","Healthcare Provider","47984","11/26/2018","Hacking/IT Incident","Network Server","Yes",""
"Mercy Medical Center- North Iowa","IA","Healthcare Provider","1971","11/26/2018","Unauthorized Access/Disclosure","Electronic Medical Record","No",""
"Tandigm Health","PA","Business Associate","7376","11/21/2018","Hacking/IT Incident","Network Server","Yes",""
"East End Disability Associates, Inc.","NY","Healthcare Provider","896","11/20/2018","Hacking/IT Incident","Email","No",""
"Inova Health System","VA","Business Associate","857","11/19/2018","Hacking/IT Incident","Electronic Medical Record","Yes",""
"James R. Etzkorn, MD","MO","Healthcare Provider","6845","11/19/2018","Unauthorized Access/Disclosure","Paper/Films","No",""
"HealthEquity, Inc.","UT","Business Associate","165800","11/17/2018","Hacking/IT Incident","Email","Yes",""
"Texas VSI, LLC","TX","Business Associate","500","11/16/2018","Hacking/IT Incident","Network Server","Yes",""
"New York Oncology Hematology, P.C.","NY","Healthcare Provider","128400","11/16/2018","Hacking/IT Incident","Email","No",""
"Center for Vitreo-Retinal Diseases","IL","Healthcare Provider","20371","11/16/2018","Unauthorized Access/Disclosure","Network Server","No",""
"Georgia Spine & Orthopaedics of Atlanta, LLC","GA","Healthcare Provider","7012","11/16/2018","Hacking/IT Incident","Email","No",""
"Arthritis & Osteoporosis Consultants of the Carolinas","NC","Healthcare Provider","3930","11/09/2018","Improper Disposal","Paper/Films","No",""
"American Medical Response, Inc.","TX","Healthcare Provider","912","11/09/2018","Hacking/IT Incident","Email","Yes",""
"SUNY Upstate Medical University","NY","Healthcare Provider","1216","11/09/2018","Unauthorized Access/Disclosure","Electronic Medical Record","No",""
"Utah Healing Center","UT","Healthcare Provider","543","11/07/2018","Unauthorized Access/Disclosure","Paper/Films","No",""
"Southwest Washington Regional Surgery Center, LLC","WA","Healthcare Provider","2393","11/06/2018","Hacking/IT Incident","Email","No",""
"Veterans Health Administration","DC","Healthcare Provider","19254","11/06/2018","Unauthorized Access/Disclosure","Paper/Films","Yes",""
"FHN Family Counseling Center","IL","Healthcare Provider","4458","11/03/2018","Theft","Laptop","No",""
"Rollins Brook Community Hospital","TX","Healthcare Provider","5019","11/02/2018","Loss","Paper/Films","No",""
"Summit Medical Group","NJ","Healthcare Provider","525","11/02/2018","Loss","Paper/Films","No",""
"Oprex Surgery (Baytown), L.P. d/b/a Altus Baytown Hospital","TX","Healthcare Provider","40000","11/02/2018","Hacking/IT Incident","Desktop Computer, Network Server","No",""
"Inova Health System","VA","Healthcare Provider","12331","11/02/2018","Theft","Electronic Medical Record, Paper/Films","No",""
"Dallas County Mental Health Mental Retardation Center dba Metrocare Services","TX","Healthcare Provider","1804","11/01/2018","Hacking/IT Incident","Email","No",""
"HealthFitness","IL","Business Associate","614","10/28/2018","Unauthorized Access/Disclosure","Other","Yes",""
"Raley's/Bel Air Mart/Nob Hill General Store, Inc.","CA","Healthcare Provider","10124","10/26/2018","Theft","Laptop","No",""
"CNO Financial Group, Inc.","IN","Health Plan","566217","10/25/2018","Unauthorized Access/Disclosure","Other","No",""
"Missouri Department of Mental Health","MO","Healthcare Provider","9000","10/24/2018","Unauthorized Access/Disclosure","Other","Yes",""
"The Children's Hospital of Philadelphia","PA","Healthcare Provider","5368","10/23/2018","Hacking/IT Incident","Email","No",""
"Day Kimball Healthcare","CT","Healthcare Provider","698","10/22/2018","Unauthorized Access/Disclosure","Electronic Medical Record","No",""
"CJ Elmwood Partners, L.P.","IA","Healthcare Provider","22416","10/22/2018","Hacking/IT Incident","Network Server","No",""
"Jones Eye Center, P.C.","IA","Healthcare Provider","39605","10/22/2018","Hacking/IT Incident","Network Server","No",""
"Smith Dental Care","TX","Healthcare Provider","5000","10/17/2018","Hacking/IT Incident","Desktop Computer, Email","No",""
"Yale University","CT","Healthcare Provider","1102","10/17/2018","Unauthorized Access/Disclosure","Paper/Films","No",""
"HealthFitness","IL","Business Associate","550","10/15/2018","Unauthorized Access/Disclosure","Other","Yes",""
"HealthFitness","IL","Business Associate","1332","10/15/2018","Unauthorized Access/Disclosure","Other","Yes",""
"Employees Retirement System of Texas","TX","Health Plan","1248263","10/15/2018","Unauthorized Access/Disclosure","Other","No",""
"FirstCare Health Plans","TX","Health Plan","8056","10/12/2018","Unauthorized Access/Disclosure","Email","No",""
"Catawba Valley Medical Center","NC","Healthcare Provider","20000","10/12/2018","Hacking/IT Incident","Email","No",""
"West Sound Treatment Center","WA","Healthcare Provider","2300","10/11/2018","Unauthorized Access/Disclosure","Desktop Computer","No",""
"West Sound Treatment Center","WA","Healthcare Provider","2300","10/11/2018","Theft","Laptop","No",""
"Indiana University School of Medicine","IN","Healthcare Provider","1431","10/11/2018","Theft","Paper/Films","No",""
"The May Eye Care Center","PA","Healthcare Provider","30000","10/11/2018","Hacking/IT Incident","Desktop Computer, Network Server","No",""
"Hormone Logics","FL","Healthcare Provider","3000","10/10/2018","Theft","Desktop Computer, Email, Laptop, Network Server, Other Portable Electronic Device, Paper/Films","No",""
"Cigna","CT","Health Plan","3500","10/10/2018","Hacking/IT Incident","Network Server","No",""
"Minnesota Department of Human Services","MN","Health Plan","20800","10/09/2018","Hacking/IT Incident","Email","No",""
"Oklahoma Department of Human Services","OK","Health Plan","813","10/08/2018","Hacking/IT Incident","Paper/Films","Yes",""
"Dr. Robert Carpenter","TX","Healthcare Provider","3000","10/07/2018","Hacking/IT Incident","Network Server","No",""
"Dr. Amy Woodruff","TX","Healthcare Provider","10862","10/07/2018","Hacking/IT Incident","Network Server","No",""
"Northwest Surgical Specialists, P.C. ","WA","Healthcare Provider","2050","10/05/2018","Hacking/IT Incident","Email","No",""
"Gold Coast Health Plan","CA","Business Associate","37005","10/05/2018","Hacking/IT Incident","Email","Yes",""
"National Ambulatory Hernia Institute","CA","Healthcare Provider","15974","10/05/2018","Hacking/IT Incident","Network Server","No",""
"Health First, Inc","FL","Healthcare Provider","42000","10/05/2018","Hacking/IT Incident","Email","No",""
"Tillamook Chiropractic, PC","OR","Healthcare Provider","4058","10/03/2018","Hacking/IT Incident","Desktop Computer, Network Server","No",""
"Reichert Prosthetics & Orthotics, LLC","WI","Healthcare Provider","3380","09/28/2018","Theft","Other Portable Electronic Device","Yes",""
"Toyota Industries North America, Inc. as plan sponsor to the Toyota Industries North America, Inc. Welfare Benefit Plan","IN","Health Plan","19320","09/28/2018","Hacking/IT Incident","Email","No",""
"University of Michigan/Michigan Medicine","MI","Healthcare Provider","3624","09/28/2018","Unauthorized Access/Disclosure","Paper/Films","Yes",""
"J&J MEDICAL SERVICE NETWORK INC","TX","Business Associate","2500","09/25/2018","Hacking/IT Incident","Network Server","Yes",""
"Ransom Memorial Hospital ","KS","Healthcare Provider","14329","09/25/2018","Hacking/IT Incident","Email","No",""
"Personal Assistance Services of Colorado, LLC","CO","Healthcare Provider","1839","09/20/2018","Hacking/IT Incident","Email","No",""
"Pulse Systems, Inc.","KS","Business Associate","722","09/19/2018","Unauthorized Access/Disclosure","Paper/Films","Yes",""
"The University of Texas Health Science Center at Houston","TX","Healthcare Provider","500","09/18/2018","Theft","Paper/Films","No",""
"Southwest Oregon IPA","OR","Health Plan","1449","09/18/2018","Unauthorized Access/Disclosure","Paper/Films","No",""
"Independence Blue Cross, LLC","PA","Business Associate","16762","09/17/2018","Unauthorized Access/Disclosure","Other","Yes",""
"Guardant Health, Inc.","CA","Healthcare Provider","1112","09/14/2018","Hacking/IT Incident","Email","No",""
"Blue Cross & Blue Shield of Rhode Island","RI","Health Plan","1567","09/13/2018","Unauthorized Access/Disclosure","Paper/Films","Yes",""
"Leominster Dermatology LLP","MA","Healthcare Provider","500","09/13/2018","Unauthorized Access/Disclosure","Paper/Films","No",""
"Total Diagnostix II, LLC","TX","Healthcare Provider","855","09/12/2018","Unauthorized Access/Disclosure","Network Server","No",""
"Simonian Sports Medicine Clinic, A Medical Corporation","CA","Healthcare Provider","1541","09/10/2018","Unauthorized Access/Disclosure","Network Server","Yes",""
"Ohio Living","OH","Healthcare Provider","6510","09/07/2018","Hacking/IT Incident","Email","No",""
"TMC HealthCare","AZ","Healthcare Provider","1776","09/07/2018","Unauthorized Access/Disclosure","Paper/Films","No",""
"Rockdale Blackhawk, LLC d/b/a Little River Healthcare","TX","Healthcare Provider","1494","09/07/2018","Unauthorized Access/Disclosure","Electronic Medical Record, Other","No",""
"Boston Health Care for the Homeless Program","MA","Healthcare Provider","861","09/07/2018","Unauthorized Access/Disclosure","Paper/Films","No",""
"Catholic Charities Neighborhood Services, Inc.","NY","Healthcare Provider","565","09/07/2018","Hacking/IT Incident","Email","No",""
"J.A. Stokes Ltd.","NV","Healthcare Provider","3200","09/05/2018","Hacking/IT Incident","Desktop Computer, Electronic Medical Record, Network Server","No",""
"Nebraska Department of Health and Human Services","NE","Health Plan","516","09/04/2018","Unauthorized Access/Disclosure","Paper/Films","No",""
"Reliable Respiratory","MA","Healthcare Provider","21311","09/01/2018","Hacking/IT Incident","Email","No",""
"Port City Operating Company doing business as St. Joseph's Medical Center","CA","Healthcare Provider","4984","08/31/2018","Loss","Other Portable Electronic Device","Yes",""
"Carpenters Benefit Funds of Philadelphia","PA","Health Plan","20015","08/31/2018","Hacking/IT Incident","Email","No",""
"Hopebridge","IN","Healthcare Provider","1411","08/31/2018","Hacking/IT Incident","Email","No",""
"United Methodist Homes","NY","Healthcare Provider","843","08/31/2018","Unauthorized Access/Disclosure","Email","No",""
"David G. Simon, DMD, PA, d/b/a Simon Orthodontics","FL","Healthcare Provider","15129","08/31/2018","Hacking/IT Incident","Network Server","No",""
"Family Tree Relief Nursery","OR","Healthcare Provider","2000","08/30/2018","Hacking/IT Incident","Network Server","No",""
"Greigh I. Hirata M.D. Inc, dba. Fetal Diagnostic Institute of the Pacific","HI","Healthcare Provider","40800","08/30/2018","Hacking/IT Incident","Network Server","No",""
"South Alamo Medical Group P.A","TX","Healthcare Provider","2180","08/30/2018","Unauthorized Access/Disclosure","Electronic Medical Record, Email, Laptop, Network Server","No",""
"Crossroads Behavioral Health","IA","Healthcare Provider","5000","08/28/2018","Improper Disposal","Paper/Films","No",""
"First coast podiatric surgery and wound","FL","Business Associate","500","08/27/2018","Unauthorized Access/Disclosure","Network Server","Yes",""
"Family Medical Group Northeast PC","OR","Healthcare Provider","2077","08/22/2018","Unauthorized Access/Disclosure","Desktop Computer","No",""
"Health Management Concepts, Inc.","FL","Business Associate","502416","08/22/2018","Hacking/IT Incident","Network Server","Yes",""
"Legacy Health","OR","Healthcare Provider","38000","08/20/2018","Hacking/IT Incident","Email","No",""
"Acadiana Computer Systems, Inc.","LA","Business Associate","31151","08/17/2018","Hacking/IT Incident","Email","Yes",""
"Chapman & Chapman, Inc.","OH","Business Associate","2032","08/17/2018","Hacking/IT Incident","Email","Yes",""
"Monroe Operations, LLC d/b/a Newport Academy and Center for Families","TN","Healthcare Provider","1165","08/17/2018","Hacking/IT Incident","Email","No",""
"Authentic Recovery Center, LLC","CA","Healthcare Provider","1790","08/17/2018","Hacking/IT Incident","Email","No",""
"Wardell Orthopaedics, P.C.","VA","Healthcare Provider","552","08/16/2018","Unauthorized Access/Disclosure","Other","No",""
"University Medical Center Physicians","TX","Healthcare Provider","18500","08/16/2018","Hacking/IT Incident","Email","No",""
"AU Medical Center, INC","GA","Healthcare Provider","417000","08/16/2018","Hacking/IT Incident","Email","No",""
"Gordon Schanzlin New Vision Institute","CA","Healthcare Provider","1130","08/10/2018","Theft","Paper/Films","No",""
"Wells Pharmacy Network","FL","Healthcare Provider","10000","08/10/2018","Unauthorized Access/Disclosure","Email, Laptop, Other Portable Electronic Device","No",""
"InterAct of Michigan, Inc.","MI","Healthcare Provider","1290","08/07/2018","Hacking/IT Incident","Email","No",""
"CoreLink Administrative Solutions, LLC","ND","Business Associate","1813","08/06/2018","Hacking/IT Incident","Email","Yes",""
"Central Colorado Dermatology, PC","CO","Healthcare Provider","4065","08/03/2018","Hacking/IT Incident","Network Server","No",""
"CoreSource, Inc.","IL","Business Associate","769","08/03/2018","Unauthorized Access/Disclosure","Other","Yes",""
"Don White, RN, DC, PC dba Canyon Rd Chiropractic and Massage","OR","Healthcare Provider","2900","08/03/2018","Hacking/IT Incident","Network Server","No",""
"Kaiser Foundation Health Plan of Colorado","CO","Health Plan","900","08/03/2018","Unauthorized Access/Disclosure","Paper/Films","No",""
"Lane County Health & Human Services","OR","Healthcare Provider","715","08/01/2018","Loss","Paper/Films","No",""
"SSM Health St. Mary's Hospital - Jefferson City","MO","Healthcare Provider","301000","07/30/2018","Improper Disposal","Paper/Films","No",""
"Iowa Health System d/b/a UnityPoint Health ","IA","Business Associate","1421107","07/30/2018","Hacking/IT Incident","Email","Yes",""
"Confluence Health","WA","Healthcare Provider","33821","07/27/2018","Hacking/IT Incident","Email","No",""
"Ambercare Corporation, Inc.","NM","Healthcare Provider","2284","07/27/2018","Theft","Laptop","No",""
"Longwood Orthopedic Associates, Inc.","MA","Healthcare Provider","10000","07/27/2018","Unauthorized Access/Disclosure","Email","No",""
"Institute on Aging","CA","Healthcare Provider","3907","07/20/2018","Hacking/IT Incident","Email","No",""
"Boys Town National Research Hospital","NE","Healthcare Provider","105309","07/20/2018","Hacking/IT Incident","Email","No",""
"NorthStar Anesthesia","TX","Healthcare Provider","19807","07/20/2018","Hacking/IT Incident","Email","No",""
"Orlando Orthopaedic Center","FL","Healthcare Provider","19101","07/20/2018","Unauthorized Access/Disclosure","Network Server","Yes",""
"Fairbanks North Star Borough","AK","Healthcare Provider","6346","07/19/2018","Hacking/IT Incident","Network Server","Yes",""
"Ruben U. Carvajal, MD","NY","Healthcare Provider","3775","07/17/2018","Hacking/IT Incident","Desktop Computer, Electronic Medical Record","No",""
"Sunspire Health ","NJ","Healthcare Provider","6737","07/16/2018","Hacking/IT Incident","Email","No",""
"PA Dept. of Human Services","PA","Healthcare Provider","2130","07/16/2018","Unauthorized Access/Disclosure","Other","No",""
"Rocky Mountain Health Care Services","CO","Healthcare Provider","1087","07/13/2018","Theft","Laptop","No",""
"Alive Hospice","TN","Healthcare Provider","1868","07/13/2018","Hacking/IT Incident","Email","No",""
"Central New York Cardiology","NY","Healthcare Provider","824","07/13/2018","Loss","Paper/Films","No",""
"Billings Clinic","MT","Healthcare Provider","8435","07/13/2018","Hacking/IT Incident","Email","No",""
"New England Dermatology, P.C.","MA","Healthcare Provider","16154","07/13/2018","Improper Disposal","Paper/Films","No",""
"Midwestern Regional Medical Center, Inc.","IL","Healthcare Provider","2675","07/12/2018","Unauthorized Access/Disclosure","Other","No",""
"Blue Springs Family Care, P.C.","MO","Healthcare Provider","44979","07/10/2018","Hacking/IT Incident","Electronic Medical Record, Network Server","No",""
"MedEvolve","AR","Business Associate","205434","07/10/2018","Unauthorized Access/Disclosure","Network Server","Yes",""
"GOLDEN HEART ADMINISTRATIVE PROFESSIONALS","AK","Business Associate","44600","07/09/2018","Hacking/IT Incident","Network Server","Yes",""
"The Terteling Co., Inc., Group Benefit Plan ","ID","Health Plan","4824","07/06/2018","Hacking/IT Incident","Email","No",""
"Overlake arthritis and Osteoporosis Center","WA","Healthcare Provider","627","07/06/2018","Hacking/IT Incident","Desktop Computer","No",""
"VCU Health System ","VA","Healthcare Provider","4686","07/06/2018","Unauthorized Access/Disclosure","Electronic Medical Record","No",""
"Health Alliance Plan","MI","Health Plan","2814","07/05/2018","Hacking/IT Incident","Desktop Computer, Email","No",""
"Home for Little Wanderers","MA","Healthcare Provider","861","07/03/2018","Unauthorized Access/Disclosure","Paper/Films","No",""
"Physician Associates, LLC","FL","Healthcare Provider","710","07/03/2018","Unauthorized Access/Disclosure","Other","Yes",""
"Advanced Orthopedic Center","FL","Healthcare Provider","1647","07/02/2018","Hacking/IT Incident","Network Server","Yes",""
"Planned Parenthood of the Heartland","IA","Healthcare Provider","515","06/29/2018","Unauthorized Access/Disclosure","Paper/Films","No",""
"Hunt Memorial Hospital District","TX","Healthcare Provider","1887","06/29/2018","Unauthorized Access/Disclosure","Email","No",""
"Arkansas Children's Hospital","AR","Healthcare Provider","4521","06/29/2018","Unauthorized Access/Disclosure","Electronic Medical Record","No",""
"State of Alaska Department of Health and Social Services","AK","Health Plan","501","06/28/2018","Hacking/IT Incident","Desktop Computer, Email","No",""
"Children's Mercy Hospital","MO","Healthcare Provider","1463","06/27/2018","Unauthorized Access/Disclosure","Other","No",""
"Community Cancer Center","IL","Healthcare Provider","500","06/26/2018","Hacking/IT Incident","Desktop Computer, Network Server","No",""
"University of Michigan/Michigan Medicine","MI","Healthcare Provider","871","06/25/2018","Theft","Laptop","No",""
"InfuSystem, Inc.","MI","Healthcare Provider","3882","06/22/2018","Hacking/IT Incident","Email","No",""
"Family Healthcare of Lake Norman","NC","Healthcare Provider","500","06/19/2018","Hacking/IT Incident","Network Server","No",""
"Peter J Parker, M.D., Inc.","CA","Healthcare Provider","628","06/19/2018","Unauthorized Access/Disclosure","Electronic Medical Record","Yes",""
"David S. Ng, O.D.","CA","Healthcare Provider","758","06/16/2018","Theft","Other Portable Electronic Device","No",""
"New Jersey Department of Human Services","NJ","Health Plan","1263","06/15/2018","Unauthorized Access/Disclosure","Paper/Films","No",""
"CHRISTUS Spohn Hospital Corpus Christi-Shoreline","TX","Healthcare Provider","1805","06/15/2018","Theft","Paper/Films","No",""
"Dean Health Plan","WI","Health Plan","1311","06/15/2018","Unauthorized Access/Disclosure","Paper/Films","No",""
"Gwenn S Robinson MD","NM","Healthcare Provider","2500","06/14/2018","Hacking/IT Incident","Desktop Computer","No",""
"Med Associates, Inc.","NY","Business Associate","276057","06/14/2018","Hacking/IT Incident","Desktop Computer","Yes",""
"Black River Medical Center","MO","Healthcare Provider","13443","06/13/2018","Hacking/IT Incident","Email","No",""
"WellCare Health Plans, Inc.","FL","Health Plan","1101","06/13/2018","Unauthorized Access/Disclosure","Other","Yes",""
"HealthEquity, Inc.","UT","Business Associate","16000","06/12/2018","Hacking/IT Incident","Email","Yes",""
"Denise M. Bowden, LAc","CA","Healthcare Provider","538","06/11/2018","Theft","Desktop Computer","No",""
"Healthland Inc.","MN","Business Associate","614","06/10/2018","Unauthorized Access/Disclosure","Other","Yes",""
"Massac County Surgery Center dba Orthopaedic Institute Surgery Center","IL","Healthcare Provider","2000","06/08/2018","Hacking/IT Incident","Email","No",""
"RISE Wisconsin, Inc.","WI","Healthcare Provider","3731","06/07/2018","Hacking/IT Incident","Network Server","No",""
"Benefit Outsourcing Solutions","MI","Business Associate","1144","06/07/2018","Unauthorized Access/Disclosure","Other","Yes",""
"Terros Incorporated","AZ","Healthcare Provider","1618","06/05/2018","Hacking/IT Incident","Email","No",""
"Florida Agency for Persons with Disabilities","FL","Health Plan","1951","06/01/2018","Unauthorized Access/Disclosure","Email","No",""
"Dignity Health","CA","Healthcare Provider","55947","05/31/2018","Unauthorized Access/Disclosure","Email","Yes",""
"Aflac","GA","Health Plan","10396","05/29/2018","Hacking/IT Incident","Email","Yes",""
"The Trustees of Purdue University","IN","Healthcare Provider","1711","05/25/2018","Hacking/IT Incident","Desktop Computer","No",""
"Aultman Hospital","OH","Healthcare Provider","42625","05/25/2018","Hacking/IT Incident","Email","No",""
"BioIQ Inc.","CA","Business Associate","4059","05/25/2018","Unauthorized Access/Disclosure","Email","Yes",""
"Muir Medical Group, IPA, Inc.","CA","Business Associate","5485","05/22/2018","Unauthorized Access/Disclosure","Network Server","Yes",""
"Echo Canyon Healthcare, Incorporated dba Heritage Court Post Acute of Scottsdale","AZ","Healthcare Provider","1765","05/21/2018","Theft","Paper/Films","No",""
"Holland Eye Surgery and Laser Center","MI","Healthcare Provider","42200","05/18/2018","Hacking/IT Incident","Desktop Computer","No",""
"Associates in Psychiatry and Psychology","MN","Healthcare Provider","6546","05/18/2018","Hacking/IT Incident","Network Server","No",""
"OrthoWest, Ltd.","OH","Healthcare Provider","2300","05/14/2018","Unauthorized Access/Disclosure","Network Server","Yes",""
"Capitol Administrators, Inc","CA","Business Associate","1733","05/11/2018","Hacking/IT Incident","Email","Yes",""
"Boys Town National Research Hospital","NE","","2182","05/09/2018","Hacking/IT Incident","Email","Yes",""
"USACS Management Group, Ltd.","OH","Business Associate","15552","05/08/2018","Hacking/IT Incident","Email","Yes",""
"The Oregon Clinic, P.C. (“The Oregon Clinic”)","OR","Healthcare Provider","64487","05/08/2018","Hacking/IT Incident","Email","No",""
"Cerebral Palsy Research Foundation of Kansas, Inc.","KS","Healthcare Provider","8300","05/08/2018","Unauthorized Access/Disclosure","Network Server","No",""
"Baptist Health","AR","Healthcare Provider","3453","05/07/2018","Unauthorized Access/Disclosure","Network Server","No",""
"Baystate Family Dental, Inc.","MA","Healthcare Provider","500","05/04/2018","Theft","Paper/Films","No",""
"Florida Hospital ","FL","Healthcare Provider","12724","05/03/2018","Hacking/IT Incident","Network Server","No",""
"Worldwide Insurance Services, LLC","PA","Business Associate","1692","04/30/2018","Hacking/IT Incident","Email","Yes",""
"Complete Family Medicine, LLC","NE","Healthcare Provider","1331","04/30/2018","Theft","Laptop, Paper/Films","No",""
"Medical Center Ophthalmology Associates","TX","Healthcare Provider","3017","04/30/2018","Unauthorized Access/Disclosure","Email","No",""
"Walgreen Co.","IL","Healthcare Provider","703","04/27/2018","Theft","Paper/Films","No",""
"Knoxville Heart Group, Inc.","TN","Healthcare Provider","15995","04/27/2018","Hacking/IT Incident","Email","No",""
"MedWatch LLC","FL","Business Associate","40621","04/27/2018","Unauthorized Access/Disclosure","Network Server","Yes",""
"Eye Care Surgery Center, Inc. ","LA","Healthcare Provider","2553","04/27/2018","Theft","Laptop","No",""
"Tiger Vision, LLC","LA","Healthcare Provider","2553","04/27/2018","Theft","Laptop","No",""
"Carolina Digestive Health Associates, PA","NC","Healthcare Provider","10988","04/26/2018","Unauthorized Access/Disclosure","Desktop Computer","No",""
"CareFirst BlueCross BlueShield","MD","Health Plan","6200","04/26/2018","Hacking/IT Incident","Email","No",""
"Illinois Department of Healthcare and Family Services","IL","Health Plan","8000","04/26/2018","Unauthorized Access/Disclosure","Paper/Films","No",""
"Scenic Bluffs Health Center Inc","WI","Healthcare Provider","2889","04/24/2018","Hacking/IT Incident","Email","No",""
"Riverside Medical Center","IL","Healthcare Provider","501","04/20/2018","Theft","Desktop Computer, Other","No",""
"Capital District Physicians’ Health Plan","NY","Health Plan","839","04/20/2018","Unauthorized Access/Disclosure","Paper/Films","Yes",""
"Michael Gruber DMD PA","NJ","Healthcare Provider","4624","04/20/2018","Hacking/IT Incident","Desktop Computer, Email, Network Server","No",""
"Center for Orthopaedic Specialists - Providence Medical Institute (PMI)","CA","Healthcare Provider","81550","04/18/2018","Hacking/IT Incident","Network Server","No",""
"Kansas Department for Aging and Disability Services","KS","Healthcare Provider","11000","04/17/2018","Unauthorized Access/Disclosure","Desktop Computer","No",""
"Iowa Health System d/b/a UnityPoint Health","IA","Business Associate","16429","04/16/2018","Hacking/IT Incident","Email","Yes",""
"Athens Heart Center, P.C.","GA","Healthcare Provider","12158","04/16/2018","Hacking/IT Incident","Electronic Medical Record","No",""
"Cornerstone Foot & Ankle","NJ","Healthcare Provider","533","04/16/2018","Unauthorized Access/Disclosure","Email","No",""
"ATI Holdings, LLC and its subsidiaries","IL","Business Associate","1776","04/13/2018","Hacking/IT Incident","Email","Yes",""
"MorshedEye, PLLC","KY","Healthcare Provider","1100","04/13/2018","Unauthorized Access/Disclosure","Email","No",""
"Polk County Health Services, Inc","IA","Health Plan","1071","04/12/2018","Unauthorized Access/Disclosure","Email","No",""
"Atchison Hospital Association","KS","Healthcare Provider","667","04/11/2018","Hacking/IT Incident","Network Server","Yes",""
"Henry Ford Health System","MI","Healthcare Provider","1658","04/10/2018","Loss","Other Portable Electronic Device","No",""
"ViaTech Publishing Solutions, Inc.","MN","Health Plan","896","04/10/2018","Unauthorized Access/Disclosure","Paper/Films","No",""
"ViaTech Publishing Solutions, Inc.","MN","Health Plan","2431","04/10/2018","Unauthorized Access/Disclosure","Paper/Films","No",""
"Integrated Rehab Consultants","IL","Healthcare Provider","4292","04/09/2018","Unauthorized Access/Disclosure","Network Server","Yes",""
"CA Department of Developmental Services","CA","Health Plan","582174","04/06/2018","Theft","Paper/Films","No",""
"Walgreen Co.","IL","Healthcare Provider","910","04/06/2018","Theft","Other","No",""
"QUALITY-CARE PHARMACY","CA","Healthcare Provider","2000","04/02/2018","Theft","Desktop Computer, Other, Other Portable Electronic Device, Paper/Films","No",""
"Sonoma County Indian Health Project, Inc","CA","Healthcare Provider","662","03/30/2018","Unauthorized Access/Disclosure","Desktop Computer, Email","No",""
"Guardian Pharmacy of Jacksonville","FL","Healthcare Provider","11521","03/30/2018","Hacking/IT Incident","Email","No",""
"Children’s National Medical Center ","DC","Healthcare Provider","722","03/30/2018","Theft","Laptop","No",""
"Milligan Chiropractic Group, Inc. d/b/a Del Mar Chiropractic Sports Group","CA","Healthcare Provider","2640","03/30/2018","Theft","Laptop","No",""
"NYC Health + Hospitals/Harlem","NY","Healthcare Provider","595","03/29/2018","Theft","Laptop","No",""
"Walmart Inc.","AR","Healthcare Provider","741","03/26/2018","Unauthorized Access/Disclosure","Email, Other","No",""
"City of Houston Medical Plan","TX","Health Plan","34637","03/22/2018","Theft","Laptop","No",""
"National Mentor Healthcare, LLC.","MA","Healthcare Provider","1015","03/21/2018","Loss","Other Portable Electronic Device","Yes",""
"Mentor ABI, LLC","MA","Healthcare Provider","994","03/21/2018","Loss","Other Portable Electronic Device","Yes",""
"Center for Comprehensive Services, Inc.","MA","Healthcare Provider","1176","03/21/2018","Loss","Other Portable Electronic Device","Yes",""
"CareMeridian, LLC","MA","Healthcare Provider","1922","03/21/2018","Loss","Other Portable Electronic Device","Yes",""
"Primary Health Care, Inc.","IA","Healthcare Provider","10313","03/16/2018","Hacking/IT Incident","Email","No",""
"UnitedHealth Group Single Affiliated Covered Entity ","MN","Health Plan","1755","03/15/2018","Unauthorized Access/Disclosure","Paper/Films","No",""
"ATI Holdings, LLC and its subsidiaries ","IL","Healthcare Provider","35136","03/12/2018","Hacking/IT Incident","Email","No",""
"Barnes-Jewish St. Peters Hospital","MO","Healthcare Provider","15046","03/12/2018","Unauthorized Access/Disclosure","Network Server","No",""
"Barnes-Jewish Hospital","MO","Healthcare Provider","18436","03/12/2018","Unauthorized Access/Disclosure","Network Server","No",""
"Front Range Dermatology Associates, P.C.","CO","Healthcare Provider","1070","03/07/2018","Unauthorized Access/Disclosure","Electronic Medical Record, Email, Laptop","No",""
"John J. Pershing VA Medical Center","MO","Healthcare Provider","1843","03/07/2018","Unauthorized Access/Disclosure","Paper/Films","No",""
"Esther V. Rettig, M.D., P.A.","KS","Healthcare Provider","13500","03/01/2018","Hacking/IT Incident","Desktop Computer, Electronic Medical Record, Network Server","No",""
"Florida Agency Persons for Disabilities","FL","Health Plan","63627","03/01/2018","Hacking/IT Incident","Email","No",""
"Memorial Hospital at Gulfport","MS","Healthcare Provider","1512","02/28/2018","Unauthorized Access/Disclosure","Email","No",""
"St. Peter's Ambulatory Surgery Center LLC - d/b/a St. Peter's Surgery & Endoscopy Center","NY","Healthcare Provider","134512","02/28/2018","Hacking/IT Incident","Network Server","No",""
"Union Lake Supermarket, LLC","NJ","Healthcare Provider","9956","02/28/2018","Improper Disposal","Other Portable Electronic Device","No",""
"FastHealth Corporation","AL","Business Associate","1345","02/27/2018","Hacking/IT Incident","Network Server","Yes",""
"Rhode Island Executive Office of Health and Human Services","RI","Health Plan","1100","02/27/2018","Unauthorized Access/Disclosure","Paper/Films","No",""
"QuadMed, LLC (Hillenbrand)","WI","Healthcare Provider","2471","02/26/2018","Unauthorized Access/Disclosure","Electronic Medical Record","No",""
"QuadMed, LLC (Stoughton Trailers)","WI","Healthcare Provider","2834","02/26/2018","Unauthorized Access/Disclosure","Electronic Medical Record","No",""
"Center for Sports Medicine and Orthopedics ","TN","Healthcare Provider","800","02/26/2018","Unauthorized Access/Disclosure","Paper/Films","Yes",""
"Walmart, Inc.","AR","Healthcare Provider","735","02/22/2018","Unauthorized Access/Disclosure","Electronic Medical Record","No",""
"Flexible Benefit Service Corporation","IL","Business Associate","5123","02/16/2018","Hacking/IT Incident","Email","Yes",""
"Partners HealthCare System, Inc.","MA","Healthcare Provider","2450","02/05/2018","Hacking/IT Incident","Desktop Computer, Network Server","No",""
"City of Detroit","MI","Healthcare Provider","544","02/05/2018","Loss","Other Portable Electronic Device","No",""
"Triple-S Advantage, Inc. ","","Health Plan","36305","02/02/2018","Unauthorized Access/Disclosure","Paper/Films","No",""
"Coastal Cape Fear Eye Associates, P.A.","NC","Healthcare Provider","925","02/01/2018","Hacking/IT Incident","Desktop Computer, Network Server","No",""
"Children's Mercy Hospital","MO","Healthcare Provider","63049","01/31/2018","Hacking/IT Incident","Email","No",""
"QuadMed, LLC (Whirlpool)","WI","Healthcare Provider","4549","01/29/2018","Unauthorized Access/Disclosure","Electronic Medical Record","No",""
"Decatur County General Hospital","TN","Healthcare Provider","24000","01/26/2018","Hacking/IT Incident","Network Server","No",""
"Zachary E. Adkins, DDS","NM","Healthcare Provider","3677","01/25/2018","Theft","Other Portable Electronic Device","No",""
"Gillette Medical Imaging","WY","Healthcare Provider","4476","01/18/2018","Unauthorized Access/Disclosure","Paper/Films","Yes",""
"Onco360 and CareMed Specialty Pharmacy ","KY","Healthcare Provider","53173","01/12/2018","Hacking/IT Incident","Email","No",""
"Palomar Health (Palomar Medical Center (Escondido)","CA","Healthcare Provider","1309","01/08/2018","Unauthorized Access/Disclosure","Electronic Medical Record","No",""
"Oklahoma State University Center for Health Sciences","OK","Healthcare Provider","279865","01/05/2018","Hacking/IT Incident","Network Server","No",""
"Penn Medicine","PA","Healthcare Provider","1050","01/02/2018","Theft","Laptop","No",""
"SSM Health","MO","Healthcare Provider","29579","12/28/2017","Unauthorized Access/Disclosure","Electronic Medical Record","No",""
"Miracle-Ear, Inc. and Amplifon (USA), Inc.","MN","Business Associate","554","12/28/2017","Hacking/IT Incident","Email","Yes",""
"Longs Peak Family Practice, P.C.","CO","Healthcare Provider","16238","12/27/2017","Hacking/IT Incident","Desktop Computer, Network Server","No",""
"Blue Cross Blue Shield of Massachusetts","MA","Health Plan","1843","12/26/2017","Unauthorized Access/Disclosure","Email","No",""
"MidMichigan Medical Center-Alpena","MI","Healthcare Provider","1900","12/19/2017","Loss","Paper/Films","No",""
"Emory Healthcare  ","GA","Healthcare Provider","24000","12/15/2017","Unauthorized Access/Disclosure","Email","No",""
"Chilton Medical Center","NJ","Healthcare Provider","4600","12/15/2017","Theft","Other Portable Electronic Device","No",""
"NYU School of Medicine - Pediatric Surgery Associates","NY","Healthcare Provider","2158","12/15/2017","Improper Disposal","Paper/Films","No",""
"Pharmacy Innovations","NY","Healthcare Provider","1205","12/12/2017","Hacking/IT Incident","Network Server","No",""
"Franciscan Physician Network of Illinois and Specialty Physicians of Illinois, LLC (formerly known as WellGroup Health Partners, LLC)","IL","Healthcare Provider","22000","12/09/2017","Loss","Paper/Films","No",""
"Columbus Surgery Center, LLC ","NE","Healthcare Provider","7221","12/07/2017","Hacking/IT Incident","Network Server","No",""
"Eye Physicians, P.C.","NE","Healthcare Provider","2620","12/07/2017","Hacking/IT Incident","Network Server","No",""
"Austin Manual Therapy Associates","TX","Healthcare Provider","1750","12/06/2017","Hacking/IT Incident","Laptop, Network Server","No",""
"Bronson Healthcare Group","MI","Healthcare Provider","8256","12/05/2017","Hacking/IT Incident","Email","No",""
"Golden Rule Insurance Company","IN","Health Plan","9305","12/04/2017","Unauthorized Access/Disclosure","Network Server","Yes",""
"Sinai Health System ","IL","Healthcare Provider","11347","12/01/2017","Hacking/IT Incident","Email","No",""
"Henry Ford Health System","MI","Healthcare Provider","43563","12/01/2017","Theft","Email","No",""
"CCRM Minneapolis, P.C.","MN","Healthcare Provider","3280","12/01/2017","Hacking/IT Incident","Network Server","No",""
"Hackensack Sleep and Pulmonary Center","NJ","Healthcare Provider","16474","11/28/2017","Hacking/IT Incident","Network Server","No",""
"Pulmonary Specialists of Louisville, PSC","KY","Healthcare Provider","32000","11/27/2017","Hacking/IT Incident","Electronic Medical Record","No",""
"Metrocare Services","TX","Healthcare Provider","500","11/17/2017","Hacking/IT Incident","Email","No",""
"The Medical College of Wisconsin, Inc.","WI","Healthcare Provider","9500","11/17/2017","Hacking/IT Incident","Email","No",""
"Sports Medicine & Rehabilitation Therapy, Inc.","MA","Healthcare Provider","7000","11/14/2017","Hacking/IT Incident","Network Server","No",""
"Otolaryngology Associates of Central New Jersey, P.C.","NJ","Healthcare Provider","1551","11/10/2017","Theft","Paper/Films","No",""
"The Center For Health Care Services ","TX","Healthcare Provider","501","11/08/2017","Theft","Paper/Films","No",""
"Aetna Inc.","CT","Health Plan","1600","11/08/2017","Unauthorized Access/Disclosure","Paper/Films","No",""
"Indiana University Health","IN","Healthcare Provider","1399","11/03/2017","Improper Disposal","Paper/Films","No",""
"Shop-Rite Supermarkets, Incorporated","NY","Healthcare Provider","12172","11/03/2017","Improper Disposal","Other Portable Electronic Device","No",""
"East Central Kansas Area Agency on Aging","KS","Business Associate","8750","10/31/2017","Hacking/IT Incident","Network Server","Yes",""
"Florida Blue ","FL","Health Plan","939","10/27/2017","Unauthorized Access/Disclosure","Paper/Films","Yes",""
"Catholic Charities of the Diocese of Albany","NY","Healthcare Provider","4624","10/27/2017","Hacking/IT Incident","Network Server","No",""
"Cook County Health & Hospitals System","IL","Healthcare Provider","727","10/27/2017","Unauthorized Access/Disclosure","Network Server","Yes",""
"Arch City Dental, LLC - Drs. Baloy and Donatelli","OH","Healthcare Provider","1716","10/26/2017","Unauthorized Access/Disclosure","Email","No",""
"TJ Samson Community Hospital","KY","Healthcare Provider","683","10/24/2017","Unauthorized Access/Disclosure","Electronic Medical Record","No",""
"Iowa Department of Human Services","IA","Health Plan","820","10/20/2017","Hacking/IT Incident","Email","No",""
"Bridget P Early MD LLC d/b/a Namaste Health Care","MO","Healthcare Provider","1617","10/12/2017","Hacking/IT Incident","Network Server","No",""
"John Hancock Life Insurance Company (U.S.A.)","MA","Health Plan","1715","10/06/2017","Hacking/IT Incident","Network Server","No",""
"Briggs & Stratton Corporation","WI","Health Plan","12789","09/29/2017","Hacking/IT Incident","Desktop Computer, Laptop, Network Server","No",""
"Riaz Baber, M.D., S.C.","IL","Healthcare Provider","10500","09/28/2017","Unauthorized Access/Disclosure","Paper/Films","No",""
"MN Urology","MN","Healthcare Provider","939","09/18/2017","Unauthorized Access/Disclosure","Email","No",""
"W. W. Grainger, Inc.","IL","Health Plan","1594","09/18/2017","Theft","Laptop","No",""
"The MS Center of Saint Louis and Mercy Clinic Neurology - Town and Country ","MO","Healthcare Provider","1081","09/16/2017","Unauthorized Access/Disclosure","Other","No",""
"AU Medical Center, Inc.","GA","Healthcare Provider","6109","09/15/2017","Hacking/IT Incident","Email","No",""
"Medical Mutual of Ohio","OH","Health Plan","6119","09/15/2017","Unauthorized Access/Disclosure","Email","No",""
"Indiana Health Centers, Inc.","IN","Healthcare Provider","1697","09/12/2017","Theft","Desktop Computer, Laptop","No",""
"Children's Hospital Colorado","CO","Healthcare Provider","3370","09/08/2017","Hacking/IT Incident","Email","No",""
"Network Health","WI","Health Plan","51232","09/08/2017","Hacking/IT Incident","Email","No",""
"Ridgeview Medical Center","MN","Healthcare Provider","1074","09/08/2017","Unauthorized Access/Disclosure","Email","No",""
"University of Wisconsin - Madison","WI","Healthcare Provider","1000","09/07/2017","Unauthorized Access/Disclosure","Paper/Films","No",""
"CBS Consolidated, Inc.","NE","Business Associate","21856","09/05/2017","Hacking/IT Incident","Network Server","Yes",""
"The Neurology Foundation, Inc.","RI","Healthcare Provider","12861","09/01/2017","Unauthorized Access/Disclosure","Desktop Computer, Electronic Medical Record, Network Server, Other Portable Electronic Device, Paper/Films","No",""
"Aetna Inc.","CT","Health Plan","11887","08/29/2017","Unauthorized Access/Disclosure","Paper/Films","Yes",""
"Kaleida Health","NY","Healthcare Provider","744","08/25/2017","Hacking/IT Incident","Email","No",""
"McLaren Medical Group, Mid-Michigan Physicians Imaging Center","MI","Healthcare Provider","106008","08/24/2017","Hacking/IT Incident","Network Server","No",""
"Centura Health, Mercy Family Medicine","CO","Healthcare Provider","2069","08/16/2017","Loss","Other Portable Electronic Device","No",""
"Salina Family Healthcare Center","KS","Healthcare Provider","77337","08/16/2017","Hacking/IT Incident","Desktop Computer, Electronic Medical Record, Network Server","No",""
"MJHS Home Care","NY","Healthcare Provider","6000","08/11/2017","Hacking/IT Incident","Email","No",""
"Silver Cross Hospital","IL","Healthcare Provider","8862","08/11/2017","Unauthorized Access/Disclosure","Network Server","Yes",""
"Surgical Dermatology Group","AL","Healthcare Provider","14000","08/05/2017","Hacking/IT Incident","Network Server","Yes",""
"Elderplan, Inc. ","NY","Health Plan","22000","08/05/2017","Hacking/IT Incident","Email","No",""
"Spectrum Health System","MI","Healthcare Provider","902","08/03/2017","Theft","Other Portable Electronic Device","No",""
"Bluetail Medical Group","MO","Healthcare Provider","11000","08/02/2017","Hacking/IT Incident","Desktop Computer","No",""
"Daniel Drake Center for Post-Acute Care","OH","Healthcare Provider","4721","08/01/2017","Unauthorized Access/Disclosure","Electronic Medical Record","No",""
"Plastic Surgery Associates of South Dakota","SD","Healthcare Provider","10229","07/27/2017","Hacking/IT Incident","Network Server","No",""
"Anthem, Inc.","IN","Health Plan","18580","07/24/2017","Unauthorized Access/Disclosure","Email","Yes",""
"The University of Vermont Medical Center","VT","Healthcare Provider","2300","07/21/2017","Hacking/IT Incident","Email","No",""
"Kaleida Health","NY","Healthcare Provider","2789","07/21/2017","Hacking/IT Incident","Email","No",""
"Metropolitan Life Insurance Company","NY","Health Plan","4220","07/19/2017","Unauthorized Access/Disclosure","Other","No",""
"Women's Health Care Group of PA, LLC","PA","Healthcare Provider","300000","07/15/2017","Hacking/IT Incident","Desktop Computer, Network Server","No",""
"Detroit Medical Center","MI","Healthcare Provider","1529","07/13/2017","Theft","Desktop Computer, Paper/Films","No",""
"Professional Counseling & Medical Associates","TN","Healthcare Provider","2500","07/13/2017","Hacking/IT Incident","Electronic Medical Record","Yes",""
"Rosalind Franklin University of Medicine ","IL","Healthcare Provider","859","07/09/2017","Hacking/IT Incident","Email","No",""
"Peachtree Neurological Clinic, P.C.","GA","Healthcare Provider","176295","07/07/2017","Hacking/IT Incident","Network Server","No",""
"The Dermatology Center of Raleigh PA","NC","Healthcare Provider","3000","07/05/2017","Unauthorized Access/Disclosure","Email","No",""
"PVHS-ICM Employee Health and Wellness, LLC as covered entity and business associate","CO","Healthcare Provider","10143","07/03/2017","Hacking/IT Incident","Network Server","No",""
"Enterprise Services LLC","CO","Business Associate","822","06/30/2017","Unauthorized Access/Disclosure","Network Server, Other","Yes",""
"Community Link Inc","WI","Health Plan","5524","06/30/2017","Hacking/IT Incident","Email","No",""
"California Pacific Orthopaedics and Sports Medicine","CA","Healthcare Provider","2263","06/30/2017","Theft","Laptop, Paper/Films","No",""
"FastHealth Corporation","AL","Business Associate","9289","06/29/2017","Hacking/IT Incident","Network Server","Yes",""
"Enterprise Services LLC","IN","Business Associate","56075","06/27/2017","Unauthorized Access/Disclosure","Network Server, Other","Yes",""
"GI Care for Kids Endoscopy Center","GA","Healthcare Provider","1700","06/27/2017","Hacking/IT Incident","Network Server","No",""
"Southern Illinois Hospital Services","IL","Healthcare Provider","613","06/23/2017","Unauthorized Access/Disclosure","Network Server","No",""
"Pharma Medica Research Inc.","MO","Healthcare Provider","2718","06/23/2017","Unauthorized Access/Disclosure","Network Server","No",""
"Adams Industries, Inc.","NE","Health Plan","647","06/21/2017","Hacking/IT Incident","Network Server","No",""
"Aetna Inc.","CT","Health Plan","5002","06/20/2017","Unauthorized Access/Disclosure","Network Server","No",""
"Airway Oxygen, Inc.","MI","Healthcare Provider","500000","06/16/2017","Hacking/IT Incident","Network Server","No",""
"Cove Family and Sports Medicine, LLC","AL","Healthcare Provider","4300","06/12/2017","Hacking/IT Incident","Network Server","No",""
"N. Fred Eaglstein, D.O. d/b/a Dermatology and Laser Center","FL","Healthcare Provider","2000","05/30/2017","Unauthorized Access/Disclosure","Electronic Medical Record","No",""
"UW Health","WI","Healthcare Provider","2036","05/25/2017","Hacking/IT Incident","Email","No",""
"New York City Health and Hospitals Corporation - Coney Island Hospital","NY","Healthcare Provider","3494","05/09/2017","Unauthorized Access/Disclosure","Other, Paper/Films","No",""
"Blue Cross and Blue Shield of Kansas City","MO","Health Plan","725","05/05/2017","Unauthorized Access/Disclosure","Other","No",""
"Michagan Facial Aesthetic Surgeons d/b/a University Physician Group","MI","Healthcare Provider","3467","04/28/2017","Theft","Laptop","No",""
"Spine Specialist","NJ","Healthcare Provider","600","04/28/2017","Theft","Laptop","No",""
"Atlantic Digestive Specialists  ","NH","Healthcare Provider","2081","04/21/2017","Hacking/IT Incident","Network Server","No",""
"Lifespan Corporation","RI","Healthcare Provider","20431","04/21/2017","Theft","Laptop","No",""
"Humana Inc [case # HU17001CC]","KY","Health Plan","3831","04/18/2017","Hacking/IT Incident","Network Server","No",""
"BioReference Laboratories, Inc.","NJ","Healthcare Provider","1772","04/14/2017","Improper Disposal","Paper/Films","No",""
"Memorial Healthcare","MI","Healthcare Provider","685","04/03/2017","Unauthorized Access/Disclosure","Paper/Films","Yes",""
"Apex EDI, Inc.","UT","Business Associate","1132","03/31/2017","Hacking/IT Incident","Network Server","Yes",""
"Skin Cancer Specialists, P.C.","GA","Healthcare Provider","3365","03/31/2017","Hacking/IT Incident","Network Server","No",""
"Washington University School of Medicine","MO","Healthcare Provider","80270","03/25/2017","Hacking/IT Incident","Email","No",""
"Metropolitan Urology Group","WI","Business Associate","17634","03/10/2017","Hacking/IT Incident","Network Server","Yes",""
"St. Louis Children's Hospital","MO","Healthcare Provider","643","03/09/2017","Unauthorized Access/Disclosure","Email","No",""
"Primary Care Specialists, Inc.","TN","Healthcare Provider","65000","03/09/2017","Hacking/IT Incident","Network Server","No",""
"American Home Patient","TN","Healthcare Provider","13861","03/06/2017","Theft","Other Portable Electronic Device","No",""
"VisionQuest Eyecare","IN","Healthcare Provider","85995","03/02/2017","Hacking/IT Incident","Network Server","No",""
"VA St. Louis Health Care System","MO","Healthcare Provider","724","03/01/2017","Unauthorized Access/Disclosure","Paper/Films","No",""
"North Carolina Department of Health and Human Services","NC","Health Plan","12731","02/23/2017","Unauthorized Access/Disclosure","Email","No",""
"Emory Healthcare ","GA","Healthcare Provider","79930","02/21/2017","Hacking/IT Incident","Network Server","No",""
"Chadron Community Hospital and Health Services","NE","Healthcare Provider","702","02/19/2017","Unauthorized Access/Disclosure","Electronic Medical Record","No",""
